item,context,metric,full_precision_value,lower95,upper95,tolerance
Figure 2,mlp; checkpoint=5000; layer=gelu1_post,M,0.9550982616303163,0.9513773133926787,0.9587693607869027,1e-10
Figure 2,mlp; checkpoint=5000; layer=gelu2_post,M,0.9629034511607278,0.9413698917677695,0.9814580568703194,1e-10
Figure 2,mlp; checkpoint=5000,P,0.08887136670897193,0.08366190599994866,0.09372636386285021,1e-10
Figure 2,mlp; checkpoint=5000,A,1.0081721324851836,0.9866173759775363,1.0249994485720624,1e-10
Figure 2,mlp; checkpoint=10000; layer=gelu1_post,M,0.976626566197645,0.9725548786854178,0.9803260852411028,1e-10
Figure 2,mlp; checkpoint=10000; layer=gelu2_post,M,0.9281746316355004,0.8973620804109005,0.9512924313580449,1e-10
Figure 2,mlp; checkpoint=10000,P,0.07336098512721455,0.06933689246545861,0.07850328980361163,1e-10
Figure 2,mlp; checkpoint=10000,A,0.9503884737123369,0.9182474010569363,0.9739032337388677,1e-10
Figure 2,mlp; checkpoint=20000; layer=gelu1_post,M,0.9799021537413548,0.9766622650784872,0.9830625747047269,1e-10
Figure 2,mlp; checkpoint=20000; layer=gelu2_post,M,0.8505364817772223,0.8100848788350941,0.8821345416956077,1e-10
Figure 2,mlp; checkpoint=20000,P,0.06189797571082336,0.05717432113596359,0.06725099522940126,1e-10
Figure 2,mlp; checkpoint=20000,A,0.867981031095602,0.8263123163298407,0.902055399467277,1e-10
Figure 2,mlp; checkpoint=50000; layer=gelu1_post,M,0.9828188469938691,0.9799700053409546,0.9855856658256628,1e-10
Figure 2,mlp; checkpoint=50000; layer=gelu2_post,M,0.5913844663413321,0.523256210793844,0.6773410161658874,1e-10
Figure 2,mlp; checkpoint=50000,P,0.05061155262487953,0.04760257911727919,0.053896952551369406,1e-10
Figure 2,mlp; checkpoint=50000,A,0.6017227570983091,0.5323891007997991,0.6904103095430317,1e-10
Figure 2,mlp; checkpoint=100000; layer=gelu1_post,M,0.9924965449721439,0.9896355311547375,0.9951777092911082,1e-10
Figure 2,mlp; checkpoint=100000; layer=gelu2_post,M,0.4072377349199126,0.3820426478300477,0.4335924372787653,1e-10
Figure 2,mlp; checkpoint=100000,P,0.045202595614559624,0.04200133323982701,0.04823708036173418,1e-10
Figure 2,mlp; checkpoint=100000,A,0.4103165265238706,0.3848151332091639,0.43715559374534346,1e-10
Figure 2,mlp; checkpoint=200000; layer=gelu1_post,M,1.001372576171533,0.9986339313984556,1.004030301046271,1e-10
Figure 2,mlp; checkpoint=200000; layer=gelu2_post,M,0.29939539767817563,0.28240559652204283,0.3160505968950955,1e-10
Figure 2,mlp; checkpoint=200000,P,0.03546266988886955,0.03280891273337229,0.03820765694992993,1e-10
Figure 2,mlp; checkpoint=200000,A,0.29898501796686894,0.2817740612362635,0.3158434148251783,1e-10
Figure 2,mlp; seed=701; checkpoint=200000,seed_A200k,0.2731417328463971,,,1e-10
Figure 2,mlp; seed=702; checkpoint=200000,seed_A200k,0.31989822533237783,,,1e-10
Figure 2,mlp; seed=703; checkpoint=200000,seed_A200k,0.28307706502003277,,,1e-10
Figure 2,mlp; seed=704; checkpoint=200000,seed_A200k,0.29734913373631594,,,1e-10
Figure 2,mlp; seed=705; checkpoint=200000,seed_A200k,0.3215575494066825,,,1e-10
Figure 2,mlp; checkpoint=200000/5000,T_A,0.2965614782763924,0.27607042752832983,0.3177749668553984,1e-10
Figure 2,mlp; checkpoint=200000/5000,R_P,0.39903369557710927,0.36715885590318725,0.43338770909214547,1e-10
Figure 2,transformer; checkpoint=5000; layer=projected_query,M,0.8096277168883315,0.803434183823311,0.8159890452895379,1e-10
Figure 2,transformer; checkpoint=5000; layer=block1_return,M,0.5542387202105029,0.5400790874821128,0.5672381191715216,1e-10
Figure 2,transformer; checkpoint=5000; layer=block2_return,M,0.4381027928160436,0.4113372199238146,0.46490082809305183,1e-10
Figure 2,transformer; checkpoint=5000; layer=final_layernorm,M,0.44944177719229705,0.4288267336858238,0.47033976169282254,1e-10
Figure 2,transformer; checkpoint=5000,P,0.0885752991146652,0.08159145343966888,0.09651707073726665,1e-10
Figure 2,transformer; checkpoint=5000,A,0.810917319204253,0.7725428404152869,0.8497013077105269,1e-10
Figure 2,transformer; checkpoint=10000; layer=projected_query,M,0.8237683837679409,0.8186671858818603,0.8289299307076574,1e-10
Figure 2,transformer; checkpoint=10000; layer=block1_return,M,0.5387753866863167,0.5284681464449466,0.5510764773758488,1e-10
Figure 2,transformer; checkpoint=10000; layer=block2_return,M,0.41334991612797956,0.379067942695305,0.4482752056979044,1e-10
Figure 2,transformer; checkpoint=10000; layer=final_layernorm,M,0.42113894342041236,0.3961028274016819,0.4513652942529982,1e-10
Figure 2,transformer; checkpoint=10000,P,0.07996818916703734,0.07497953957678039,0.08506758346339342,1e-10
Figure 2,transformer; checkpoint=10000,A,0.7816595817611206,0.7386150067651053,0.8254121530189431,1e-10
Figure 2,transformer; checkpoint=20000; layer=projected_query,M,0.8329513290256818,0.8269172171599926,0.8381876410761171,1e-10
Figure 2,transformer; checkpoint=20000; layer=block1_return,M,0.5344424581488124,0.520312908399358,0.548114069416212,1e-10
Figure 2,transformer; checkpoint=20000; layer=block2_return,M,0.3940293270757041,0.365329754551988,0.4214702922285147,1e-10
Figure 2,transformer; checkpoint=20000; layer=final_layernorm,M,0.3956137957716293,0.37519155530939896,0.4144539840847949,1e-10
Figure 2,transformer; checkpoint=20000,P,0.07467907991380099,0.0709840220448845,0.07839643614461358,1e-10
Figure 2,transformer; checkpoint=20000,A,0.740236464636335,0.6900089636442608,0.7784970944388079,1e-10
Figure 2,transformer; checkpoint=50000; layer=projected_query,M,0.8359790835906249,0.82569544796206,0.8444916033864889,1e-10
Figure 2,transformer; checkpoint=50000; layer=block1_return,M,0.5449528594926378,0.516332165509495,0.5764647459638973,1e-10
Figure 2,transformer; checkpoint=50000; layer=block2_return,M,0.3720016856356426,0.345307532569608,0.4005079773846402,1e-10
Figure 2,transformer; checkpoint=50000; layer=final_layernorm,M,0.32815991208051043,0.2924755670166011,0.3647326505998505,1e-10
Figure 2,transformer; checkpoint=50000,P,0.05707779996943604,0.050758829119721446,0.06354172306268668,1e-10
Figure 2,transformer; checkpoint=50000,A,0.6021803654467177,0.5479342795814797,0.6574211421270553,1e-10
Figure 2,transformer; checkpoint=100000; layer=projected_query,M,0.8327368818351534,0.8206730716046219,0.8417116902951595,1e-10
Figure 2,transformer; checkpoint=100000; layer=block1_return,M,0.5677804056646772,0.5299796879482611,0.6081200715789234,1e-10
Figure 2,transformer; checkpoint=100000; layer=block2_return,M,0.3661719251863652,0.3360561319317814,0.3986786998951533,1e-10
Figure 2,transformer; checkpoint=100000; layer=final_layernorm,M,0.27678092896290646,0.25351373215433076,0.30825461416216643,1e-10
Figure 2,transformer; checkpoint=100000,P,0.04695124030809651,0.04030407341207207,0.05297404724317102,1e-10
Figure 2,transformer; checkpoint=100000,A,0.48747883195949737,0.4565244742329007,0.5186156876595837,1e-10
Figure 2,transformer; checkpoint=200000; layer=projected_query,M,0.8292531405479115,0.8196936096075386,0.8365117471674708,1e-10
Figure 2,transformer; checkpoint=200000; layer=block1_return,M,0.6024907242568712,0.5747982405196145,0.6355321852929827,1e-10
Figure 2,transformer; checkpoint=200000; layer=block2_return,M,0.37382408093793024,0.3480570312512031,0.39759749609817596,1e-10
Figure 2,transformer; checkpoint=200000; layer=final_layernorm,M,0.24839667514287694,0.2157148409718046,0.27567733973895175,1e-10
Figure 2,transformer; checkpoint=200000,P,0.03560615179738937,0.028246776592428358,0.04348229772896872,1e-10
Figure 2,transformer; checkpoint=200000,A,0.4122829865127904,0.3638810465232056,0.45025646962881993,1e-10
Figure 2,transformer; seed=801; checkpoint=200000,seed_A200k,0.3968545791125601,,,1e-10
Figure 2,transformer; seed=802; checkpoint=200000,seed_A200k,0.4506635213682417,,,1e-10
Figure 2,transformer; seed=803; checkpoint=200000,seed_A200k,0.45439701527580756,,,1e-10
Figure 2,transformer; seed=804; checkpoint=200000,seed_A200k,0.31936608269712363,,,1e-10
Figure 2,transformer; seed=805; checkpoint=200000,seed_A200k,0.43833677827425743,,,1e-10
Figure 2,transformer; checkpoint=200000/5000,T_A,0.5084155643849863,0.4674197001234342,0.5367292201100916,1e-10
Figure 2,transformer; checkpoint=200000/5000,R_P,0.4019873729276986,0.3333560078319465,0.4628633784676814,1e-10
Figure 3,cohort at 200000 updates,BETA_POS,0.9491112561300863,0.9189541606636084,0.982943833764923,1e-10
Figure 3,cohort at 200000 updates,N0_ABS,0.04894466337261836,0.04485203934988879,0.05299295020765494,1e-10
Figure 3,cohort at 200000 updates,K,0.0019167165628474747,0.0017009489031990293,0.0021375103902098805,1e-10
Figure 3,cohort at 400000 updates,BETA_POS,0.9644852582319728,0.9392739990376571,0.99030589841057,1e-10
Figure 3,cohort at 400000 updates,N0_ABS,0.04201035369107161,0.039547685119318894,0.044438869796167645,1e-10
Figure 3,cohort at 400000 updates,K,0.0014127586164957098,0.0013171616020186032,0.0015110466841568547,1e-10
Figure 3,cohort at 800000 updates,BETA_POS,0.9672263642195337,0.9419509130983843,0.9921334201056161,1e-10
Figure 3,cohort at 800000 updates,N0_ABS,0.038118945511110454,0.034414977622086125,0.04176250187490755,1e-10
Figure 3,cohort at 800000 updates,K,0.0010615002295340677,0.0009687795754526388,0.0011679935036840654,1e-10
Figure 3,paired 200000 to 400000 updates,R_N_200_400,0.8583234779090118,0.782582463249033,0.945246291429337,1e-10
Figure 3,paired 400000 to 800000 updates,R_N_400_800,0.907370259041923,0.836427630041614,0.9779602410910558,1e-10
Figure 3,paired 200000 to 800000 updates,R_N_200_800,0.7788171964920643,0.6920794002749789,0.8709692856642776,1e-10
Figure 3,paired 200000 to 400000 updates,Delta_N_200_400,-0.006934309681546749,-0.011347008986647264,-0.0024851870646540506,1e-10
Figure 3,paired 400000 to 800000 updates,Delta_N_400_800,-0.003891408179961156,-0.006897504064795857,-0.0009221600403692467,1e-10
Figure 3,paired 200000 to 400000 updates,Delta_B_200_400,0.015374002101886552,-0.019946467891638776,0.05604443820295169,1e-10
Figure 3,paired 400000 to 800000 updates,Delta_B_400_800,0.0027411059875608323,-0.026523286974580933,0.030090527652384808,1e-10
Figure 3,paired 200000 to 400000 updates,Delta_K_200_400,-0.0005039579463517649,-0.0007345015288568352,-0.0002798413268173243,1e-10
Figure 3,paired 400000 to 800000 updates,Delta_K_400_800,-0.0003512583869616421,-0.0004646129871370383,-0.00023553664668667792,1e-10
Figure 3,200000 to 800000 updates,N0_ABS_reduction_percent,22.118280350793572,,,1e-10
Figure 3,800000 updates divided by epsilon0,N0_ABS_benchmark_multiple,3.8118945511110454,,,1e-10
Figure 4,A,E_WITHIN,2.651547497677414e-05,2.3037961906423396e-05,3.034172273413711e-05,1e-10
Figure 4,A,E_PAIR,0.0005224646534125021,0.00047605261338285636,0.0005726670169874511,1e-10
Figure 4,A,E_SHARED,0.0004959491784357262,0.0004518264445928253,0.0005436400994393993,1e-10
Figure 4,A,F_WITHIN,0.050750753765995624,0.046357540769122726,0.055180999822530774,1e-10
Figure 4,A,K,0.0010427076230034129,0.0009353226930955297,0.0011739643584215184,1e-10
Figure 4,A,N0_ABS,0.03611433999082786,0.03414976189119889,0.0380662616301445,1e-10
Figure 4,A,BETA_POS,0.9894179930224787,0.97175871419735,1.0074244830958865,1e-10
Figure 4,C,E_WITHIN,6.873303903797649e-06,6.0582372233691445e-06,7.698203186847403e-06,1e-10
Figure 4,C,E_PAIR,8.346858620502111e-05,7.671711197813463e-05,9.07675703764176e-05,1e-10
Figure 4,C,E_SHARED,7.65952823012235e-05,7.03968334155803e-05,8.333108449609565e-05,1e-10
Figure 4,C,F_WITHIN,0.08234599645566035,0.0758021752359723,0.08885876245623558,1e-10
Figure 4,C,K,9.678121826936936e-05,8.930330555285451e-05,0.00010425373792275062,1e-10
Figure 4,C,N0_ABS,0.016440353987199383,0.015621864519583865,0.017295490881171553,1e-10
Figure 4,C,BETA_POS,0.9972437674938085,0.9932791245134532,1.0011922980825751,1e-10
Figure 4,D,E_WITHIN,1.0508880675499715e-06,7.328539619815257e-07,1.4401546070158336e-06,1e-10
Figure 4,D,E_PAIR,0.000436249096795217,0.0003948650125938095,0.0004782328746309119,1e-10
Figure 4,D,E_SHARED,0.00043519820872766566,0.00039387695266862414,0.0004773290674046893,1e-10
Figure 4,D,F_WITHIN,0.002408917463142111,0.0017397838515256139,0.003211967920724682,1e-10
Figure 4,D,K,0.0011238644677594096,0.0010283762961143662,0.001238928035429441,1e-10
Figure 4,D,N0_ABS,0.005945446618861908,0.005265373295885894,0.006754337297348694,1e-10
Figure 4,D,BETA_POS,1.0681216021980329,1.0506206223146608,1.0879817157918539,1e-10
Figure 4,E,E_WITHIN,1.402862866229818e-07,8.024156217471354e-08,2.201887728026011e-07,1e-10
Figure 4,E,E_PAIR,9.718286198778359e-05,8.707406647064714e-05,0.00010792593468135795,1e-10
Figure 4,E,E_SHARED,9.704257570116072e-05,8.694590723454885e-05,0.00010778659618646783,1e-10
Figure 4,E,F_WITHIN,0.0014435290724471206,0.0008737835678097956,0.002231430855826847,1e-10
Figure 4,E,K,0.0002258366618430631,0.0002107148372764567,0.0002427064563033471,1e-10
Figure 4,E,N0_ABS,0.002268019441790579,0.001861024381691007,0.002732571298604629,1e-10
Figure 4,E,BETA_POS,1.0350833417741478,1.0297050149868519,1.0404343959074722,1e-10
Figure 4,D-A,E_WITHIN,-2.5464586909224168e-05,-2.9068283517220867e-05,-2.2225454696018787e-05,1e-10
Figure 4,D-A,K,8.115684475599669e-05,2.8118969970764266e-05,0.00013529513905096224,1e-10
Figure 4,E-C,E_WITHIN,-6.733017617174667e-06,-7.568355787524758e-06,-5.946036221706225e-06,1e-10
Figure 4,E-C,K,0.00012905544357369377,0.00011475127291033386,0.0001453289637790185,1e-10
Table 1,Z D-A,E_WITHIN_COMP,-7.36185754060277e-07,-2.091229442608121e-06,4.7596231339186127e-07,1e-10
Table 1,Z C-A,E_WITHIN_COMP,-1.5570422039304083e-05,-1.770220758588064e-05,-1.3578956591469239e-05,1e-10
Table 1,P D-A,E_WITHIN_COMP,-5.672834754784761e-07,-1.980753790658871e-06,6.504401187314289e-07,1e-10
Table 1,P C-A,E_WITHIN_COMP,-1.6290843208366535e-05,-1.8601319093962347e-05,-1.4080643856816989e-05,1e-10
Table 2,n=10,R_APPROX,0.03942338039700633,0.0373045023453253,0.04157778527952576,1e-10
Table 2,n=10,E_PAIR,0.039395488527366136,0.037302116074958265,0.041492924897734436,1e-10
Table 2,n=10,E_SHARED,0.03794512358097015,0.03585034445671885,0.04004245486699956,1e-10
Table 2,n=10,E_WITHIN,0.0014503649463960073,0.0013507939234626294,0.001562199699750621,1e-10
Table 2,n=10,F_WITHIN,0.036815508592779836,0.03383323775896484,0.040238200003685914,1e-10
Table 2,n=10,ABS_DELTA,0.05464698555806535,0.05313175347055221,0.05620439708118852,1e-10
Table 2,n=10,RMS_DELTA,0.07616731441756384,0.07350629696438336,0.07904934407584005,1e-10
Table 2,n=10,task_MSE,9.786291542342559,,,1e-10
Table 2,n=10,minimum_norm_task_MSE,9.742655999543267,,,1e-10
Table 2,n=10,mean_posterior_variance,10.025268503905156,,,1e-10
Table 2,n=15,R_APPROX,0.05326006501788736,0.04796410854690966,0.06112723334412871,1e-10
Table 2,n=15,E_PAIR,0.0537914484967306,0.04813759708965417,0.06240492492114173,1e-10
Table 2,n=15,E_SHARED,0.05228973918020635,0.04665987090023526,0.06082466707977991,1e-10
Table 2,n=15,E_WITHIN,0.0015017093165242152,0.0013912494818661423,0.0016446755018765565,1e-10
Table 2,n=15,F_WITHIN,0.02791725001819737,0.023848089346639935,0.03197380860368704,1e-10
Table 2,n=15,ABS_DELTA,0.05599248689804881,0.05444921889529155,0.05758815265465387,1e-10
Table 2,n=15,RMS_DELTA,0.07750378872091906,0.07459891370387717,0.08110919801884658,1e-10
Table 2,n=15,task_MSE,5.080262159954815,,,1e-10
Table 2,n=15,minimum_norm_task_MSE,5.02249603978752,,,1e-10
Table 2,n=15,mean_posterior_variance,5.012609382830302,,,1e-10
